연도,월,연월,수출입구분,수출입구분설명,물동량
2003,2,2003-02,OT,수출환적,161074.5
2003,11,2003-11,IT,수입환적,170733.5
2006,1,2006-01,OT,수출환적,203348.25
2018,1,2018-01,OO,수출,413797.75
2013,6,2013-06,OO,수출,389650.25
2012,4,2012-04,OO,수출,383600.5
2018,3,2018-03,IT,수입환적,426936.25
2017,5,2017-05,II,수입,434753
2014,12,2014-12,II,수입,385736
2015,8,2015-08,IT,수입환적,429171
2019,9,2019-09,OO,수출,408790.5
2022,9,2022-09,OO,수출,384904.25
1993,7,1993-07,II,수입,118830
1995,4,1995-04,II,수입,187405.5
2001,4,2001-04,IT,수입환적,126275
2004,7,2004-07,OT,수출환적,199495
2006,11,2006-11,OO,수출,294017.25
2007,5,2007-05,IT,수입환적,262714.25
2010,9,2010-09,IT,수입환적,252317.75
2006,12,2006-12,IT,수입환적,220788
2012,12,2012-12,IT,수입환적,359519.5
2014,5,2014-05,II,수입,396793.75
2019,1,2019-01,II,수입,439584.75
2024,6,2024-06,OO,수출,468314.25
1993,11,1993-11,OO,수출,123835
1994,12,1994-12,II,수입,186371
1996,7,1996-07,II,수입,197541
1996,9,1996-09,II,수입,187918
1997,5,1997-05,OO,수출,191514
1998,11,1998-11,II,수입,248553.75
1999,10,1999-10,II,수입,289442.25
2002,9,2002-09,OO,수출,248186.5
2002,6,2002-06,OT,수출환적,165425.25
2004,10,2004-10,II,수입,289875.5
2005,12,2005-12,II,수입,278518.5
2005,4,2005-04,OT,수출환적,224497
2006,4,2006-04,IT,수입환적,217338.5
2003,12,2003-12,OT,수출환적,171480.75
2007,6,2007-06,II,수입,316283.75
2008,3,2008-03,OO,수출,357447
2008,4,2008-04,OO,수출,337609
2010,6,2010-06,OT,수출환적,274941
2012,10,2012-10,OO,수출,370084
2012,8,2012-08,OT,수출환적,314639.75
2014,11,2014-11,II,수입,387306.75
2014,5,2014-05,OT,수출환적,388978.25
2017,3,2017-03,IT,수입환적,443374.75
2014,2,2014-02,OO,수출,334191.25
2015,9,2015-09,OT,수출환적,418014.5
2015,4,2015-04,IT,수입환적,423247
2025,2,2025-02,OO,수출,437906.75
2021,4,2021-04,II,수입,463918
2021,1,2021-01,OO,수출,427910.75
2024,6,2024-06,II,수입,477174
1994,8,1994-08,II,수입,154516
1995,1,1995-01,II,수입,180551
1995,3,1995-03,OO,수출,165360
1995,7,1995-07,II,수입,189689.75
1996,12,1996-12,II,수입,214366.75
1998,4,1998-04,OO,수출,217210.5
1999,12,1999-12,OO,수출,215282.25
2001,5,2001-05,IT,수입환적,120628.25
2004,3,2004-03,IT,수입환적,198570
2002,8,2002-08,II,수입,222448.25
2004,10,2004-10,IT,수입환적,211547.75
2005,12,2005-12,IT,수입환적,217073.5
2004,3,2004-03,OT,수출환적,188143.25
2006,2,2006-02,OT,수출환적,199719.25
2009,4,2009-04,II,수입,265134.75
2010,4,2010-04,IT,수입환적,276455
2011,10,2011-10,OT,수출환적,305334.5
2011,4,2011-04,OO,수출,376056.25
2012,12,2012-12,II,수입,364946.25
2017,4,2017-04,OT,수출환적,435260.25
2016,1,2016-01,IT,수입환적,415305.75
2015,6,2015-06,OT,수출환적,410090.75
2019,12,2019-12,II,수입,438660.25
2019,2,2019-02,OO,수출,379319.75
2024,10,2024-10,IT,수입환적,574791.75
1992,6,1992-06,OO,수출,128033
1993,3,1993-03,II,수입,119549
1996,3,1996-03,II,수입,193583.5
2001,2,2001-02,OO,수출,204923.5
2001,12,2001-12,II,수입,238499.5
2003,5,2003-05,OO,수출,242965.5
2003,2,2003-02,II,수입,225268
2003,1,2003-01,II,수입,245590.25
2007,2,2007-02,OT,수출환적,221692.75
2006,3,2006-03,II,수입,299891.25
2005,12,2005-12,OO,수출,271766.75
2008,7,2008-07,OT,수출환적,242582.5
2009,5,2009-05,II,수입,262159.75
2010,1,2010-01,II,수입,277278.75
2010,5,2010-05,IT,수입환적,282993.5
2010,7,2010-07,IT,수입환적,278232.25
2011,10,2011-10,OO,수출,383303.5
2012,5,2012-05,II,수입,392853
2017,11,2017-11,II,수입,419022.5
2016,3,2016-03,OT,수출환적,407065.75
2018,5,2018-05,OT,수출환적,496727
2020,3,2020-03,IT,수입환적,531145.5
2021,7,2021-07,OO,수출,457380
2019,9,2019-09,IT,수입환적,446338.75
2023,6,2023-06,OT,수출환적,502891
1995,8,1995-08,OO,수출,154417.5
2001,8,2001-08,IT,수입환적,132480.5
2003,4,2003-04,IT,수입환적,201062.25
1998,2,1998-02,II,수입,197403.25
2001,2,2001-02,II,수입,185531.5
2001,3,2001-03,OT,수출환적,123264.5
2004,7,2004-07,IT,수입환적,194488.5
2003,3,2003-03,IT,수입환적,205874.5
2003,7,2003-07,OO,수출,260226.5
2004,1,2004-01,OO,수출,250390.25
2009,11,2009-11,OT,수출환적,238274.75
2009,12,2009-12,II,수입,313221
2013,7,2013-07,II,수입,375748.5
2013,1,2013-01,IT,수입환적,341903.5
2013,1,2013-01,OT,수출환적,341173.5
2014,12,2014-12,OT,수출환적,400581.75
2014,5,2014-05,OO,수출,395188.75
2014,7,2014-07,OO,수출,392414.25
2018,12,2018-12,OO,수출,449870.25
2021,9,2021-09,OT,수출환적,491517.75
2021,5,2021-05,OT,수출환적,547468.75
2022,9,2022-09,IT,수입환적,402423
1992,9,1992-09,OO,수출,122836
1999,9,1999-09,II,수입,253862.75
1999,11,1999-11,OO,수출,217088.75
2000,6,2000-06,II,수입,325329.5
2004,6,2004-06,II,수입,266703
2003,2,2003-02,IT,수입환적,164237.5
2004,9,2004-09,OT,수출환적,196239.75
2005,6,2005-06,OT,수출환적,213953.25
2007,4,2007-04,OO,수출,312455.5
2007,7,2007-07,OT,수출환적,273459
2009,7,2009-07,OO,수출,281526.5
2010,1,2010-01,IT,수입환적,250147.25
2010,5,2010-05,OO,수출,353853.5
2010,9,2010-09,OO,수출,307829.25
2011,5,2011-05,OT,수출환적,305453.5
2017,9,2017-09,II,수입,424726.5
2014,3,2014-03,II,수입,405896.25
2016,10,2016-10,II,수입,417767.75
2016,3,2016-03,OO,수출,416454
2019,11,2019-11,II,수입,431137.5
2018,7,2018-07,II,수입,421967.25
2021,12,2021-12,IT,수입환적,490084.25
2018,5,2018-05,IT,수입환적,498935.75
2021,5,2021-05,OO,수출,469238.5
2020,10,2020-10,OT,수출환적,536128.75
2022,12,2022-12,II,수입,424733.5
2022,8,2022-08,IT,수입환적,505538.75
2024,7,2024-07,II,수입,458437.75
2022,9,2022-09,II,수입,352809.75
2000,2,2000-02,II,수입,281877
2000,10,2000-10,OO,수출,233781.75
2001,7,2001-07,II,수입,213207
2003,8,2003-08,II,수입,239070
2004,12,2004-12,OT,수출환적,217055
2005,8,2005-08,OO,수출,260458.75
2005,9,2005-09,II,수입,270314
2005,9,2005-09,IT,수입환적,216053
2008,6,2008-06,IT,수입환적,243633.75
2009,10,2009-10,OO,수출,295764
2009,12,2009-12,IT,수입환적,246832
2012,9,2012-09,IT,수입환적,344999.25
2012,9,2012-09,OT,수출환적,336063.75
2014,10,2014-10,IT,수입환적,398337.5
2021,1,2021-01,II,수입,424911.75
2022,11,2022-11,II,수입,425535
2022,11,2022-11,OO,수출,423563.75
1997,1,1997-01,II,수입,192141.75
1999,12,1999-12,II,수입,318973.75
2000,4,2000-04,II,수입,304409
2001,9,2001-09,IT,수입환적,141549.75
2002,9,2002-09,OT,수출환적,163249.5
2002,8,2002-08,OT,수출환적,161586
2002,4,2002-04,IT,수입환적,160149.5
2004,4,2004-04,IT,수입환적,209653
2004,12,2004-12,OO,수출,285985.5
2004,9,2004-09,OO,수출,286644.5
2005,6,2005-06,IT,수입환적,215669
2003,12,2003-12,OO,수출,266166.75
2007,3,2007-03,II,수입,316149
2007,3,2007-03,IT,수입환적,223077.5
2008,4,2008-04,OT,수출환적,252340
2013,7,2013-07,OT,수출환적,375722
2013,11,2013-11,OT,수출환적,382703.75
2012,3,2012-03,IT,수입환적,373552.75
2013,2,2013-02,IT,수입환적,324165
2014,10,2014-10,OT,수출환적,396798.25
2019,10,2019-10,OT,수출환적,499863.5
2020,6,2020-06,IT,수입환적,500807.25
2023,7,2023-07,IT,수입환적,521964
1996,8,1996-08,II,수입,197058.25
1997,9,1997-09,OO,수출,181540.5
2001,11,2001-11,OO,수출,212976.25
2002,11,2002-11,IT,수입환적,177335
2003,10,2003-10,IT,수입환적,176796.5
2004,9,2004-09,IT,수입환적,197359
2004,10,2004-10,OO,수출,287750.25
2007,6,2007-06,OT,수출환적,262435.75
2011,2,2011-02,OT,수출환적,241455.75
2017,10,2017-10,II,수입,414688.25
2017,1,2017-01,OT,수출환적,401321.75
2016,2,2016-02,IT,수입환적,407276.25
2025,2,2025-02,OT,수출환적,599626.75
2020,2,2020-02,OT,수출환적,475222.5
2019,12,2019-12,OO,수출,438993
2019,8,2019-08,II,수입,428564.75
2024,5,2024-05,OT,수출환적,585397.75
2024,8,2024-08,OT,수출환적,573838.75
2023,3,2023-03,II,수입,496830.25
1992,5,1992-05,II,수입,95773
1995,2,1995-02,II,수입,161535
1996,5,1996-05,II,수입,200905.75
1999,3,1999-03,II,수입,246100.5
2001,9,2001-09,II,수입,216074.5
2002,8,2002-08,OO,수출,222291.25
2005,2,2005-02,OO,수출,230838
2006,9,2006-09,OT,수출환적,204865.25
2013,8,2013-08,IT,수입환적,356073.5
2013,8,2013-08,OO,수출,363837.25
2018,2,2018-02,II,수입,393868
2012,4,2012-04,OT,수출환적,355349.25
2016,9,2016-09,IT,수입환적,411846.5
2024,12,2024-12,II,수입,461852.75
2020,1,2020-01,OT,수출환적,487871.75
2021,11,2021-11,OT,수출환적,493624.25
2021,4,2021-04,OT,수출환적,512054.75
2022,10,2022-10,OT,수출환적,484615
2022,5,2022-05,OT,수출환적,505030
2021,7,2021-07,IT,수입환적,551507.75
2024,2,2024-02,IT,수입환적,525700.25
2023,5,2023-05,II,수입,470816.75
2023,9,2023-09,IT,수입환적,522082.75
1992,7,1992-07,OO,수출,124887
1992,9,1992-09,II,수입,90300
1992,10,1992-10,OO,수출,118657
1998,10,1998-10,II,수입,243170.5
1999,6,1999-06,OO,수출,210052.5
2000,9,2000-09,OO,수출,200443.25
2002,12,2002-12,OT,수출환적,169824.75
2002,8,2002-08,IT,수입환적,168932.25
2005,11,2005-11,OT,수출환적,204717.75
2008,2,2008-02,OT,수출환적,225755.75
2008,7,2008-07,II,수입,329661.25
2008,10,2008-10,OT,수출환적,244411.5
2009,3,2009-03,OT,수출환적,217681.5
2009,11,2009-11,OO,수출,298971
2010,1,2010-01,OT,수출환적,240771.75
2010,4,2010-04,OT,수출환적,259931.25
2014,1,2014-01,II,수입,353915.75
2015,4,2015-04,OT,수출환적,427267.5
2015,3,2015-03,II,수입,423856.25
2021,10,2021-10,OO,수출,458593.25
2020,9,2020-09,IT,수입환적,476181.25
2020,12,2020-12,IT,수입환적,525777.5
2000,4,2000-04,OO,수출,212413
2001,4,2001-04,OO,수출,215493.25
2001,12,2001-12,OT,수출환적,123656
2003,1,2003-01,IT,수입환적,181569
2005,10,2005-10,IT,수입환적,220419.75
2006,4,2006-04,OO,수출,282370.25
2007,8,2007-08,OT,수출환적,266314
2007,8,2007-08,II,수입,315731.25
2010,12,2010-12,OT,수출환적,254287.5
2010,11,2010-11,II,수입,341664.75
2011,5,2011-05,II,수입,391655.5
2011,8,2011-08,OT,수출환적,321259.5
2011,9,2011-09,IT,수입환적,313909.75
2011,9,2011-09,OT,수출환적,296344.5
2018,9,2018-09,OO,수출,440259
2012,3,2012-03,OO,수출,391995
2016,12,2016-12,IT,수입환적,413727
2016,4,2016-04,IT,수입환적,396564.5
2016,7,2016-07,IT,수입환적,434699.5
2019,7,2019-07,OT,수출환적,487946.25
2019,3,2019-03,II,수입,471053.75
2019,2,2019-02,II,수입,368147.25
2020,1,2020-01,OO,수출,388610.75
1992,3,1992-03,OO,수출,137082
1998,2,1998-02,OO,수출,178285.5
2001,11,2001-11,IT,수입환적,130380
2006,6,2006-06,IT,수입환적,211613.5
2003,2,2003-02,OO,수출,226453.75
2003,9,2003-09,IT,수입환적,164662.25
2005,4,2005-04,II,수입,298902.25
2006,2,2006-02,II,수입,260853.75
2010,12,2010-12,IT,수입환적,272592.75
2011,6,2011-06,OT,수출환적,311833.75
2011,7,2011-07,OT,수출환적,321385.75
2012,12,2012-12,OO,수출,367739.5
2013,11,2013-11,IT,수입환적,373595.25
2012,3,2012-03,II,수입,387751.75
2012,8,2012-08,IT,수입환적,323005.25
2014,1,2014-01,OO,수출,365515
2014,9,2014-09,IT,수입환적,392552.25
2016,1,2016-01,OO,수출,376192.25
2020,1,2020-01,IT,수입환적,529251.75
2018,4,2018-04,II,수입,431399
2022,11,2022-11,OT,수출환적,482524.5
1993,4,1993-04,II,수입,110099
2000,3,2000-03,OO,수출,233295.5
2000,8,2000-08,OO,수출,215078.5
2002,2,2002-02,IT,수입환적,136738
2006,7,2006-07,IT,수입환적,218888.75
2006,8,2006-08,OT,수출환적,211624.5
2006,10,2006-10,OT,수출환적,219820.75
2006,12,2006-12,II,수입,306140.5
2007,4,2007-04,IT,수입환적,266818.25
2009,9,2009-09,II,수입,285865.25
2010,2,2010-02,OO,수출,275626.75
2009,11,2009-11,II,수입,295592.5
2011,5,2011-05,IT,수입환적,337731.75
2011,4,2011-04,IT,수입환적,300295
2013,9,2013-09,IT,수입환적,352383
2016,2,2016-02,OO,수출,370966.25
2021,6,2021-06,IT,수입환적,525309
2022,10,2022-10,IT,수입환적,491546
2019,5,2019-05,OT,수출환적,508266
2022,4,2022-04,II,수입,432884.75
2022,3,2022-03,IT,수입환적,472138.25
1992,7,1992-07,II,수입,100670
1995,2,1995-02,OO,수출,144009
1997,7,1997-07,OO,수출,197980.25
1999,4,1999-04,II,수입,260943
1999,5,1999-05,OO,수출,209158.5
2000,9,2000-09,II,수입,312469
2001,6,2001-06,II,수입,213079
2001,4,2001-04,OT,수출환적,116744.25
2002,2,2002-02,OO,수출,195121.25
2004,6,2004-06,IT,수입환적,201501.5
2002,7,2002-07,IT,수입환적,183059
2003,6,2003-06,OO,수출,263819.5
2009,5,2009-05,OO,수출,277309.25
2010,1,2010-01,OO,수출,294964.25
2011,12,2011-12,OO,수출,368554.25
2014,11,2014-11,OO,수출,402524.75
2014,5,2014-05,IT,수입환적,402278.75
2019,8,2019-08,OT,수출환적,490750
2023,8,2023-08,II,수입,440981
2024,3,2024-03,II,수입,523318.25
2022,7,2022-07,OO,수출,480851.5
1996,9,1996-09,OO,수출,176959.25
2000,12,2000-12,II,수입,360166.75
2001,7,2001-07,IT,수입환적,130348.75
2001,12,2001-12,OO,수출,220610.75
2002,12,2002-12,IT,수입환적,185270.5
2002,11,2002-11,II,수입,251206.5
2005,2,2005-02,OT,수출환적,193210.25
2007,4,2007-04,II,수입,319512
2009,4,2009-04,IT,수입환적,222148.5
2010,11,2010-11,OO,수출,344308.75
2011,5,2011-05,OO,수출,380038.5
2012,1,2012-01,II,수입,354713.25
2018,6,2018-06,IT,수입환적,488020.5
2012,7,2012-07,II,수입,381867
2015,12,2015-12,II,수입,414604
2014,3,2014-03,IT,수입환적,410435.5
2017,3,2017-03,II,수입,439635
2020,3,2020-03,II,수입,465117.75
2021,11,2021-11,OO,수출,413824.25
2021,1,2021-01,IT,수입환적,495382.5
2024,5,2024-05,II,수입,460915
2023,2,2023-02,IT,수입환적,442852
2023,5,2023-05,OT,수출환적,528268
1993,10,1993-10,II,수입,122940
1995,11,1995-11,OO,수출,156178.5
1996,4,1996-04,II,수입,202673.5
1997,4,1997-04,OO,수출,178194.75
2001,1,2001-01,IT,수입환적,122596
2004,2,2004-02,OT,수출환적,159848.5
2005,2,2005-02,IT,수입환적,183021.75
2006,11,2006-11,OT,수출환적,235266
2006,5,2006-05,II,수입,286297.75
2008,8,2008-08,OO,수출,310463.5
2008,11,2008-11,OT,수출환적,218017
2008,10,2008-10,OO,수출,326995.25
2013,6,2013-06,OT,수출환적,369210
2013,5,2013-05,II,수입,374508.5
2018,10,2018-10,II,수입,420816.75
2017,2,2017-02,IT,수입환적,364667
2015,6,2015-06,IT,수입환적,416832.25
2016,10,2016-10,OT,수출환적,408838.5
2016,6,2016-06,OT,수출환적,411109
2015,10,2015-10,OT,수출환적,432948
2016,7,2016-07,OO,수출,422157
2021,11,2021-11,II,수입,400051.25
2023,6,2023-06,OO,수출,453685
2023,8,2023-08,OO,수출,427204
1994,1,1994-01,OO,수출,136678
1994,6,1994-06,II,수입,148396
2002,3,2002-03,OT,수출환적,141350.75
2003,7,2003-07,IT,수입환적,175893
2003,9,2003-09,II,수입,231370.5
2009,2,2009-02,II,수입,222322.75
2009,7,2009-07,IT,수입환적,220687.5
2011,12,2011-12,II,수입,379790.75
2017,10,2017-10,OO,수출,394274.25
2013,6,2013-06,II,수입,365315
2012,11,2012-11,OO,수출,367811.25
2016,2,2016-02,II,수입,361309
2017,7,2017-07,OO,수출,459710.5
2016,8,2016-08,II,수입,398930.25
2020,2,2020-02,II,수입,406631.75
2020,9,2020-09,OT,수출환적,465691
2022,5,2022-05,OO,수출,468135
2022,4,2022-04,OT,수출환적,504091.5
2021,3,2021-03,IT,수입환적,510851.75
2023,3,2023-03,OT,수출환적,551531.5
1997,1,1997-01,OO,수출,162942.5
1997,2,1997-02,OO,수출,152516.75
2002,1,2002-01,IT,수입환적,140309
2004,9,2004-09,II,수입,268918.25
2006,2,2006-02,OO,수출,248601.75
2006,4,2006-04,II,수입,291102.25
2007,12,2007-12,OT,수출환적,221486.25
2008,6,2008-06,OT,수출환적,248023.5
2010,2,2010-02,IT,수입환적,233160.75
2018,2,2018-02,IT,수입환적,453092.5
2017,6,2017-06,OT,수출환적,426672
2017,7,2017-07,OT,수출환적,442536.75
2015,1,2015-01,OO,수출,382877.75
2015,2,2015-02,OO,수출,333241.5
2016,7,2016-07,OT,수출환적,432707
2015,3,2015-03,OO,수출,429178.75
2019,8,2019-08,IT,수입환적,495653.5
2022,12,2022-12,IT,수입환적,468700.5
2024,3,2024-03,IT,수입환적,572290.25
2023,3,2023-03,IT,수입환적,557208
1992,4,1992-04,OO,수출,130353
1999,2,1999-02,OO,수출,168763.75
2001,10,2001-10,OT,수출환적,126861.5
2002,2,2002-02,II,수입,198172.25
2003,6,2003-06,IT,수입환적,183934
2002,1,2002-01,OO,수출,218629.5
2005,4,2005-04,IT,수입환적,228570.25
2008,12,2008-12,OT,수출환적,225117.75
2008,7,2008-07,IT,수입환적,246977.75
2009,11,2009-11,IT,수입환적,249693.25
2009,10,2009-10,II,수입,298605.25
2012,4,2012-04,II,수입,376489.5
2012,9,2012-09,II,수입,376120.25
2024,4,2024-04,IT,수입환적,550940.75
2019,4,2019-04,OO,수출,431743.25
2022,2,2022-02,IT,수입환적,449564.25
2022,12,2022-12,OT,수출환적,447165
2024,9,2024-09,IT,수입환적,537266.75
1993,5,1993-05,II,수입,120814
1995,6,1995-06,OO,수출,162240.5
1995,10,1995-10,OO,수출,174750.25
1996,3,1996-03,OO,수출,180475.75
2001,5,2001-05,OO,수출,215365.25
2005,5,2005-05,IT,수입환적,225318.5
2005,8,2005-08,IT,수입환적,218496
2007,9,2007-09,OT,수출환적,223757.5
2008,4,2008-04,IT,수입환적,253654.75
2018,2,2018-02,OO,수출,377076.5
2016,1,2016-01,OT,수출환적,415048.75
2015,2,2015-02,IT,수입환적,432386.5
2016,7,2016-07,II,수입,411861.75
2021,8,2021-08,II,수입,407962
2023,12,2023-12,OO,수출,445939.25
2022,8,2022-08,II,수입,446670
1992,6,1992-06,II,수입,91303
1993,3,1993-03,OO,수출,136570
1994,1,1994-01,II,수입,148232
1995,5,1995-05,II,수입,187148
2001,3,2001-03,IT,수입환적,134358.5
2001,11,2001-11,II,수입,224691.25
2002,5,2002-05,IT,수입환적,170543.5
2002,10,2002-10,OO,수출,241344.25
2004,4,2004-04,OT,수출환적,206900.75
2007,2,2007-02,IT,수입환적,230332.25
2006,10,2006-10,II,수입,291845.5
2007,9,2007-09,OO,수출,317566.25
2007,12,2007-12,OO,수출,321280.5
2010,3,2010-03,IT,수입환적,269364
2012,6,2012-06,OO,수출,372452.5
2017,9,2017-09,OO,수출,443760.75
2013,4,2013-04,IT,수입환적,387174.5
2013,12,2013-12,OO,수출,384749
2012,2,2012-02,IT,수입환적,277283.75
2014,2,2014-02,IT,수입환적,313752
2014,10,2014-10,OO,수출,407854.75
2015,3,2015-03,IT,수입환적,409222.75
2021,12,2021-12,II,수입,441325.75
2021,7,2021-07,II,수입,428459
2024,9,2024-09,OT,수출환적,509469
1992,2,1992-02,II,수입,91669
1995,6,1995-06,II,수입,180909.75
1997,9,1997-09,II,수입,222075.25
1999,4,1999-04,OO,수출,204372.5
2000,10,2000-10,II,수입,334489.75
2002,1,2002-01,II,수입,210974.25
2005,7,2005-07,II,수입,280842.25
2008,8,2008-08,IT,수입환적,271858.5
2007,11,2007-11,IT,수입환적,211919.25
2008,3,2008-03,II,수입,367217
2009,8,2009-08,IT,수입환적,232521
2011,3,2011-03,OO,수출,396331.5
2011,11,2011-11,IT,수입환적,326357.5
2017,8,2017-08,OO,수출,420756
2013,2,2013-02,OT,수출환적,320508.75
2016,6,2016-06,OO,수출,404103.5
2015,4,2015-04,II,수입,416578.5
2019,11,2019-11,OO,수출,427678.5
2020,11,2020-11,OT,수출환적,539646.75
1994,9,1994-09,OO,수출,142620
1997,12,1997-12,OO,수출,185735
1998,5,1998-05,OO,수출,223099.25
2000,11,2000-11,II,수입,329736.25
2000,11,2000-11,OO,수출,208993.5
2003,11,2003-11,II,수입,270693
2004,8,2004-08,OT,수출환적,188413.25
2006,1,2006-01,OO,수출,263369
2005,1,2005-01,OO,수출,274974.5
2006,7,2006-07,II,수입,281588.25
2008,8,2008-08,OT,수출환적,259351.5
2011,6,2011-06,II,수입,378785.75
2017,11,2017-11,IT,수입환적,425489.25
2015,12,2015-12,IT,수입환적,436907.75
2016,2,2016-02,OT,수출환적,427283.25
2015,1,2015-01,II,수입,387910.75
2022,2,2022-02,OO,수출,407724.25
2021,2,2021-02,IT,수입환적,449011.5
2022,11,2022-11,IT,수입환적,457839.75
2024,11,2024-11,OO,수출,444568.5
2024,10,2024-10,OT,수출환적,573844.75
2022,9,2022-09,OT,수출환적,419859.75
1993,12,1993-12,II,수입,142135
1995,3,1995-03,II,수입,176534.25
2001,1,2001-01,OO,수출,192615.25
2006,5,2006-05,OT,수출환적,223249.5
2007,5,2007-05,OO,수출,315376.5
2011,7,2011-07,II,수입,377472.5
2017,1,2017-01,OO,수출,401104.5
2018,8,2018-08,OT,수출환적,479255.5
2012,9,2012-09,OO,수출,383730.5
2014,3,2014-03,OO,수출,402860.75
2017,6,2017-06,OO,수출,447925.5
2014,9,2014-09,II,수입,380106.5
2018,5,2018-05,II,수입,462497.25
2018,4,2018-04,OT,수출환적,455978.5
2018,11,2018-11,OT,수출환적,534513.5
2019,12,2019-12,IT,수입환적,507396.75
2023,12,2023-12,II,수입,451874.5
2024,4,2024-04,OT,수출환적,543262.25
2025,1,2025-01,OO,수출,434429.5
1995,1,1995-01,OO,수출,149168
1997,12,1997-12,II,수입,226551.5
2000,2,2000-02,OO,수출,197753.5
1999,8,1999-08,OO,수출,205384
2001,8,2001-08,II,수입,201584.25
2006,6,2006-06,OO,수출,279924.25
2007,9,2007-09,IT,수입환적,233145.5
2007,11,2007-11,II,수입,318917.75
2011,4,2011-04,II,수입,395781.75
2011,7,2011-07,IT,수입환적,347067.25
2013,2,2013-02,OO,수출,333878.25
2013,9,2013-09,OT,수출환적,343645.75
2014,11,2014-11,OT,수출환적,399698.25
2014,7,2014-07,OT,수출환적,408443.25
2016,5,2016-05,IT,수입환적,412678
2015,5,2015-05,II,수입,401813.25
2015,3,2015-03,OT,수출환적,431836.5
2018,3,2018-03,OO,수출,449779.5
2019,2,2019-02,IT,수입환적,442180.5
2022,2,2022-02,II,수입,389161
2022,3,2022-03,OO,수출,449579.25
1993,4,1993-04,OO,수출,129565
1994,5,1994-05,II,수입,151279
1996,6,1996-06,II,수입,199022.5
1998,7,1998-07,OO,수출,205400.75
2000,3,2000-03,II,수입,306927
2001,10,2001-10,OO,수출,212461.5
2002,3,2002-03,II,수입,229425.5
2004,3,2004-03,II,수입,296018
2003,10,2003-10,II,수입,270576
2002,4,2002-04,OT,수출환적,150900.25
2005,2,2005-02,II,수입,242101.75
2005,8,2005-08,OT,수출환적,221815.25
2008,11,2008-11,OO,수출,283639.25
2008,10,2008-10,II,수입,320349.25
2009,6,2009-06,OO,수출,280292.25
2010,8,2010-08,OO,수출,334144.25
2011,8,2011-08,II,수입,362157.25
2018,6,2018-06,II,수입,420765.75
2013,1,2013-01,OO,수출,371701
2013,11,2013-11,OO,수출,365656.75
2012,8,2012-08,II,수입,354049
2016,10,2016-10,IT,수입환적,409898.5
2015,5,2015-05,OT,수출환적,422003.75
2015,5,2015-05,IT,수입환적,418331.75
2021,6,2021-06,OO,수출,437709
2022,10,2022-10,II,수입,415373.75
2020,5,2020-05,OT,수출환적,493665
2020,6,2020-06,II,수입,372339.5
2023,8,2023-08,OT,수출환적,515535.5
2024,11,2024-11,IT,수입환적,571301.25
1992,1,1992-01,OO,수출,104567
1992,4,1992-04,II,수입,99261
1994,6,1994-06,OO,수출,141944
1995,11,1995-11,II,수입,172759
1997,4,1997-04,II,수입,218448.75
1998,3,1998-03,OO,수출,223051
2002,7,2002-07,II,수입,225190.75
2003,1,2003-01,OO,수출,242921.25
2005,7,2005-07,IT,수입환적,228044.25
2008,6,2008-06,OO,수출,292497
2009,1,2009-01,OO,수출,225031
2010,10,2010-10,OT,수출환적,235375
2018,6,2018-06,OO,수출,424504.5
2012,6,2012-06,II,수입,376794
2012,6,2012-06,IT,수입환적,339398
2018,8,2018-08,OO,수출,389634
2018,7,2018-07,IT,수입환적,492572.5
2015,10,2015-10,IT,수입환적,440174.25
2016,3,2016-03,IT,수입환적,409847
2019,6,2019-06,OT,수출환적,492182
2021,8,2021-08,OT,수출환적,508770.5
2022,1,2022-01,IT,수입환적,547873.5
2019,8,2019-08,OO,수출,416340.5
2022,7,2022-07,OT,수출환적,547678.25
2024,7,2024-07,IT,수입환적,571818.25
2004,5,2004-05,IT,수입환적,209813.5
2004,10,2004-10,OT,수출환적,208500.25
2007,1,2007-01,IT,수입환적,218088
2006,11,2006-11,IT,수입환적,222866.25
2007,10,2007-10,IT,수입환적,246333.25
2012,5,2012-05,IT,수입환적,368941.75
2012,1,2012-01,OO,수출,340606
2013,1,2013-01,II,수입,336745.25
2017,12,2017-12,II,수입,428973
2023,1,2023-01,OT,수출환적,493326.25
2024,12,2024-12,OT,수출환적,569233.75
2022,6,2022-06,IT,수입환적,499835.75
2020,7,2020-07,OT,수출환적,484791
2020,8,2020-08,OT,수출환적,477520
1992,3,1992-03,II,수입,105276
1992,10,1992-10,II,수입,103072
1995,5,1995-05,OO,수출,166615.25
1997,6,1997-06,OO,수출,183640.5
1998,11,1998-11,OO,수출,209974.75
1999,5,1999-05,II,수입,261540
2001,11,2001-11,OT,수출환적,123405.5
2002,10,2002-10,II,수입,214864.25
2002,7,2002-07,OT,수출환적,165391
2003,5,2003-05,II,수입,262011.5
2009,10,2009-10,IT,수입환적,247215.75
2009,7,2009-07,OT,수출환적,222408.75
2018,2,2018-02,OT,수출환적,443302.5
2018,1,2018-01,IT,수입환적,445476.25
2013,3,2013-03,IT,수입환적,383625.5
2012,2,2012-02,OT,수출환적,271107.5
2013,9,2013-09,II,수입,356302
2019,6,2019-06,II,수입,426493.75
2019,3,2019-03,IT,수입환적,480462.5
2021,11,2021-11,IT,수입환적,502946
2020,4,2020-04,IT,수입환적,485628.5
2020,11,2020-11,II,수입,419161
2019,5,2019-05,IT,수입환적,507181.25
1995,12,1995-12,OO,수출,163930.5
1996,10,1996-10,OO,수출,171293
1998,8,1998-08,II,수입,250243.5
1998,9,1998-09,II,수입,218390.5
2002,6,2002-06,II,수입,227944.25
2002,9,2002-09,II,수입,241202
2006,9,2006-09,OO,수출,291290.25
2007,4,2007-04,OT,수출환적,255887
2009,8,2009-08,OT,수출환적,225232.25
2009,9,2009-09,OT,수출환적,227101.5
2011,3,2011-03,IT,수입환적,305663.75
2013,4,2013-04,II,수입,403402
2018,1,2018-01,II,수입,412248.75
2017,11,2017-11,OO,수출,439639.25
2012,1,2012-01,OT,수출환적,328308.75
2017,5,2017-05,OO,수출,450517.5
2014,4,2014-04,OT,수출환적,401684.25
2015,12,2015-12,OO,수출,393679.25
2017,2,2017-02,OT,수출환적,407898.5
2015,7,2015-07,IT,수입환적,423565.75
2019,7,2019-07,OO,수출,452408
2021,8,2021-08,OO,수출,397369.25
2020,5,2020-05,II,수입,373953.75
2022,6,2022-06,II,수입,407027
2024,2,2024-02,OO,수출,422256.25
1992,12,1992-12,OO,수출,118401
1993,11,1993-11,II,수입,122711
1994,5,1994-05,OO,수출,143891
1996,8,1996-08,OO,수출,158758.75
1998,1,1998-01,II,수입,202637
2004,8,2004-08,IT,수입환적,199131
2002,12,2002-12,II,수입,261003.25
2003,7,2003-07,II,수입,256672.25
2006,12,2006-12,OT,수출환적,212376.75
2008,11,2008-11,IT,수입환적,219059.25
2008,9,2008-09,II,수입,320589
2008,9,2008-09,OT,수출환적,243919
2010,4,2010-04,OO,수출,328350.25
2010,8,2010-08,II,수입,341772.25
2010,8,2010-08,IT,수입환적,276292
2010,7,2010-07,II,수입,337889.75
2016,12,2016-12,II,수입,409801.5
2018,4,2018-04,IT,수입환적,463586.25
2015,2,2015-02,OT,수출환적,410158.5
2022,1,2022-01,II,수입,450522.5
2020,5,2020-05,OO,수출,375667.5
2020,6,2020-06,OT,수출환적,493027.75
2000,8,2000-08,II,수입,303978.25
2000,12,2000-12,OO,수출,218662.25
2002,9,2002-09,IT,수입환적,176784.75
2004,11,2004-11,II,수입,304179.25
2006,7,2006-07,OO,수출,282942.75
2006,1,2006-01,II,수입,278654.25
2007,9,2007-09,II,수입,303332.25
2009,1,2009-01,OT,수출환적,206392.25
2009,3,2009-03,OO,수출,274000.75
2009,2,2009-02,IT,수입환적,170475
2010,10,2010-10,OO,수출,352394.25
2018,8,2018-08,II,수입,404361
2017,10,2017-10,OT,수출환적,423064.25
2013,5,2013-05,OO,수출,388471
2018,10,2018-10,OO,수출,419277.25
2012,11,2012-11,OT,수출환적,339548.75
2013,12,2013-12,II,수입,379866
2014,4,2014-04,II,수입,391681.5
2015,9,2015-09,OO,수출,394059.75
2022,1,2022-01,OO,수출,440329.25
2020,5,2020-05,IT,수입환적,502938.5
2021,3,2021-03,OT,수출환적,515326.25
2024,11,2024-11,II,수입,421638.75
2022,8,2022-08,OT,수출환적,508447.25
1992,2,1992-02,OO,수출,103903
1992,8,1992-08,II,수입,93662
1998,3,1998-03,II,수입,255990
1998,8,1998-08,OO,수출,202713.75
2006,5,2006-05,OO,수출,286664.25
2006,5,2006-05,IT,수입환적,224484.75
2007,10,2007-10,OT,수출환적,245212.75
2010,6,2010-06,OO,수출,342846.5
2013,4,2013-04,OT,수출환적,380707.25
2013,3,2013-03,II,수입,408042.5
2014,8,2014-08,IT,수입환적,402695.25
2014,2,2014-02,II,수입,334478
2015,2,2015-02,II,수입,359497
2020,1,2020-01,II,수입,399245
2022,2,2022-02,OT,수출환적,496516.25
2021,2,2021-02,OT,수출환적,457707.5
1992,12,1992-12,II,수입,112354
1993,8,1993-08,II,수입,121964
1997,8,1997-08,II,수입,221363.5
1997,10,1997-10,OO,수출,197122.75
1999,1,1999-01,OO,수출,186157
2003,8,2003-08,OT,수출환적,162719.25
2005,11,2005-11,OO,수출,280401
2004,3,2004-03,OO,수출,292287.25
2007,3,2007-03,OT,수출환적,210687.25
2010,7,2010-07,OT,수출환적,274333.75
2010,4,2010-04,II,수입,340255.25
2012,5,2012-05,OT,수출환적,389010.25
2014,8,2014-08,OT,수출환적,393746.75
2014,11,2014-11,IT,수입환적,396021
2016,5,2016-05,OT,수출환적,408665.5
2016,5,2016-05,II,수입,401356.5
2016,1,2016-01,II,수입,389362
2015,6,2015-06,II,수입,383395.75
2024,1,2024-01,II,수입,428462.25
2023,4,2023-04,OO,수출,468372
2020,4,2020-04,OO,수출,401181
1993,12,1993-12,OO,수출,134296
1996,11,1996-11,OO,수출,172481.5
1997,10,1997-10,II,수입,229488.5
2001,6,2001-06,OT,수출환적,111767.25
2007,2,2007-02,OO,수출,261155.25
2006,11,2006-11,II,수입,298149.75
2008,5,2008-05,IT,수입환적,261714.5
2007,5,2007-05,II,수입,313523.5
2007,11,2007-11,OO,수출,316951.75
2009,2,2009-02,OT,수출환적,183601
2010,12,2010-12,II,수입,360359.25
2011,8,2011-08,IT,수입환적,333259.75
2011,9,2011-09,OO,수출,352711.5
2017,10,2017-10,IT,수입환적,442543
2017,11,2017-11,OT,수출환적,436324.75
2013,7,2013-07,IT,수입환적,385553.75
2012,6,2012-06,OT,수출환적,336295
2018,6,2018-06,OT,수출환적,494806
2014,12,2014-12,IT,수입환적,412207.25
2014,6,2014-06,OT,수출환적,401276.25
2016,10,2016-10,OO,수출,413691.5
2015,4,2015-04,OO,수출,402026.75
2023,1,2023-01,OO,수출,419471.25
2024,4,2024-04,OO,수출,481829
2020,2,2020-02,IT,수입환적,418164.5
2024,11,2024-11,OT,수출환적,560592.25
2023,2,2023-02,OT,수출환적,472133
2023,3,2023-03,OO,수출,471957.25
1997,7,1997-07,II,수입,221295
2001,5,2001-05,OT,수출환적,107858.75
2003,11,2003-11,OO,수출,271659.5
2005,6,2005-06,OO,수출,275156.75
2005,7,2005-07,OT,수출환적,219898
2009,8,2009-08,II,수입,274605
2018,9,2018-09,IT,수입환적,488352.25
2012,1,2012-01,IT,수입환적,344815.25
2013,9,2013-09,OO,수출,361847.75
2014,3,2014-03,OT,수출환적,383563.5
2021,6,2021-06,II,수입,438241
2020,3,2020-03,OT,수출환적,519991.5
2021,9,2021-09,II,수입,401149.25
2020,9,2020-09,OO,수출,406567
2023,10,2023-10,IT,수입환적,538320
1995,10,1995-10,II,수입,186031
1998,6,1998-06,OO,수출,205461.25
1998,12,1998-12,II,수입,248897.75
2001,3,2001-03,II,수입,227399
2006,6,2006-06,II,수입,285889.75
2002,7,2002-07,OO,수출,238479.5
2004,7,2004-07,II,수입,276853.75
2003,10,2003-10,OT,수출환적,171593.75
2005,3,2005-03,II,수입,301667.5
2010,2,2010-02,OT,수출환적,226553
2011,9,2011-09,II,수입,357418
2017,8,2017-08,II,수입,423729.5
2018,8,2018-08,IT,수입환적,493910.5
2013,10,2013-10,OO,수출,378178.25
2017,2,2017-02,II,수입,358541.75
2014,9,2014-09,OO,수출,372122
2017,7,2017-07,IT,수입환적,441638.75
2019,7,2019-07,II,수입,456412
2018,12,2018-12,OT,수출환적,475325.5
2020,2,2020-02,OO,수출,436659.5
2022,1,2022-01,OT,수출환적,528033.75
2021,3,2021-03,OO,수출,486997.5
2024,3,2024-03,OT,수출환적,561502.75
2023,11,2023-11,OT,수출환적,551886.75
2024,8,2024-08,OO,수출,457061.25
2024,10,2024-10,II,수입,431582.5
1994,9,1994-09,II,수입,153025
1996,4,1996-04,OO,수출,162937.75
1996,7,1996-07,OO,수출,175418.75
2000,1,2000-01,II,수입,287453.5
2001,3,2001-03,OO,수출,231249.25
2003,6,2003-06,II,수입,253833.25
2004,12,2004-12,IT,수입환적,225596
2006,6,2006-06,OT,수출환적,212789.25
2005,8,2005-08,II,수입,259605
2006,2,2006-02,IT,수입환적,190659.25
2008,2,2008-02,OO,수출,291194
2010,5,2010-05,II,수입,344472.25
2012,5,2012-05,OO,수출,391940.25
2018,10,2018-10,IT,수입환적,495900.75
2012,11,2012-11,IT,수입환적,333066.75
2013,2,2013-02,II,수입,319282.25
2018,3,2018-03,II,수입,449434.25
2025,2,2025-02,II,수입,392441.25
2019,2,2019-02,OT,수출환적,471879.75
2021,8,2021-08,IT,수입환적,524040.75
2021,5,2021-05,IT,수입환적,534821.5
2020,9,2020-09,II,수입,386910.5
2022,7,2022-07,IT,수입환적,538053
1992,1,1992-01,II,수입,92005
1998,4,1998-04,II,수입,248075.5
1999,7,1999-07,II,수입,267768.25
1999,8,1999-08,II,수입,279860.75
2001,2,2001-02,OT,수출환적,90644.75
2004,2,2004-02,OO,수출,269250
2002,4,2002-04,OO,수출,232590.75
2006,3,2006-03,OT,수출환적,229464.5
2008,2,2008-02,IT,수입환적,221953.75
2008,7,2008-07,OO,수출,358265.75
2009,5,2009-05,IT,수입환적,216748.25
2009,6,2009-06,II,수입,276859
2011,10,2011-10,II,수입,382356.75
2014,4,2014-04,IT,수입환적,390004
2019,6,2019-06,IT,수입환적,489895
2024,5,2024-05,OO,수출,466562.5
2024,9,2024-09,II,수입,419254.25
2024,8,2024-08,II,수입,455863.75
1998,6,1998-06,II,수입,239634
2003,9,2003-09,OO,수출,239419
2003,7,2003-07,OT,수출환적,172333.5
2005,5,2005-05,OT,수출환적,226774.5
2005,9,2005-09,OO,수출,259525
2008,8,2008-08,II,수입,342240.75
2008,6,2008-06,II,수입,320587
2008,1,2008-01,OT,수출환적,232963
2007,7,2007-07,OO,수출,314496.25
2013,3,2013-03,OT,수출환적,358648.25
2015,12,2015-12,OT,수출환적,409596.25
2016,12,2016-12,OO,수출,413730
2014,7,2014-07,II,수입,392841.25
2023,1,2023-01,II,수입,401408
2019,4,2019-04,IT,수입환적,493488
2019,9,2019-09,OT,수출환적,448480
2019,9,2019-09,II,수입,400877
2023,8,2023-08,IT,수입환적,509580.25
2023,9,2023-09,OT,수출환적,525638.25
1993,6,1993-06,OO,수출,133067
1994,2,1994-02,OO,수출,113591
1996,5,1996-05,OO,수출,180700.25
2000,1,2000-01,OO,수출,203036.75
2001,2,2001-02,IT,수입환적,97114
2002,2,2002-02,OT,수출환적,129401.25
2002,5,2002-05,OT,수출환적,158394.25
2004,6,2004-06,OT,수출환적,202600.25
2005,11,2005-11,IT,수입환적,203830.5
2005,1,2005-01,IT,수입환적,220932
2008,3,2008-03,OT,수출환적,247222.5
2008,2,2008-02,II,수입,290348.5
2009,8,2009-08,OO,수출,289037
2012,7,2012-07,OT,수출환적,333751
2014,8,2014-08,II,수입,379778.5
2015,9,2015-09,IT,수입환적,413565.75
2015,9,2015-09,II,수입,385572
2021,5,2021-05,II,수입,463245.25
2019,1,2019-01,OO,수출,417403.75
2023,9,2023-09,OO,수출,462627.5
1993,1,1993-01,OO,수출,105863
1993,5,1993-05,OO,수출,138738
1994,8,1994-08,OO,수출,138060
1996,6,1996-06,OO,수출,164707.25
2003,9,2003-09,OT,수출환적,155690
2005,10,2005-10,OT,수출환적,211011
2009,6,2009-06,OT,수출환적,206306.25
2010,10,2010-10,IT,수입환적,260387.5
2018,10,2018-10,OT,수출환적,475076.75
2017,8,2017-08,OT,수출환적,431965.75
2012,7,2012-07,IT,수입환적,341020.25
2017,2,2017-02,OO,수출,373953.75
2016,8,2016-08,IT,수입환적,428227.5
2019,11,2019-11,IT,수입환적,476056.75
2019,6,2019-06,OO,수출,439484.75
2024,1,2024-01,IT,수입환적,558618
2019,4,2019-04,II,수입,451720.25
2021,4,2021-04,IT,수입환적,546051
2022,8,2022-08,OO,수출,431194.25
2024,7,2024-07,OO,수출,487892.5
1994,7,1994-07,OO,수출,152217
1999,7,1999-07,OO,수출,210140.75
1999,11,1999-11,II,수입,292904
2001,7,2001-07,OO,수출,213296
2002,3,2002-03,IT,수입환적,154898.75
2002,10,2002-10,IT,수입환적,180761.75
2004,2,2004-02,IT,수입환적,159006.25
2004,11,2004-11,OO,수출,286817.25
2003,5,2003-05,IT,수입환적,185976.75
2010,5,2010-05,OT,수출환적,282762.25
2010,11,2010-11,OT,수출환적,258019
2011,12,2011-12,OT,수출환적,306882.75
2011,11,2011-11,OO,수출,359231.25
2017,1,2017-01,IT,수입환적,438544
2017,9,2017-09,OT,수출환적,399164.25
2013,3,2013-03,OO,수출,410919
2012,7,2012-07,OO,수출,398351
2013,10,2013-10,OT,수출환적,348267.25
2018,7,2018-07,OT,수출환적,492144
2018,12,2018-12,IT,수입환적,469193
2023,6,2023-06,II,수입,441138.25
2024,3,2024-03,OO,수출,485954.5
1997,2,1997-02,II,수입,179156.25
1998,1,1998-01,OO,수출,179292.5
1999,1,1999-01,II,수입,236170.5
2000,6,2000-06,OO,수출,214826.25
2002,11,2002-11,OO,수출,238204
2004,4,2004-04,OO,수출,280473.25
2005,6,2005-06,II,수입,272991.25
2009,6,2009-06,IT,수입환적,224957.25
2018,9,2018-09,OT,수출환적,488499
2012,3,2012-03,OT,수출환적,338998.5
2015,11,2015-11,II,수입,364608.25
2019,11,2019-11,OT,수출환적,489676
2019,3,2019-03,OT,수출환적,465834
2020,10,2020-10,OO,수출,420941.75
2023,6,2023-06,IT,수입환적,504451
1995,4,1995-04,OO,수출,163447.75
1999,3,1999-03,OO,수출,214796.75
2001,4,2001-04,II,수입,222518
2005,10,2005-10,II,수입,292338
2005,7,2005-07,OO,수출,286054.25
2007,3,2007-03,OO,수출,312618.75
2009,1,2009-01,IT,수입환적,226279
2010,11,2010-11,IT,수입환적,266473.75
2018,9,2018-09,II,수입,430940.75
2011,11,2011-11,II,수입,366109.5
2016,11,2016-11,OT,수출환적,412002.75
2016,3,2016-03,II,수입,412238.25
2020,3,2020-03,OO,수출,471675.25
2021,10,2021-10,IT,수입환적,518817.75
2023,4,2023-04,II,수입,463123
2021,2,2021-02,OO,수출,398213.75
2025,1,2025-01,OT,수출환적,588211.75
2023,9,2023-09,II,수입,455157
1993,2,1993-02,OO,수출,111308
1996,12,1996-12,OO,수출,181166.75
2005,12,2005-12,OT,수출환적,205640.5
2006,10,2006-10,OO,수출,283210.25
2003,12,2003-12,II,수입,287252
2006,8,2006-08,IT,수입환적,222744.75
2010,6,2010-06,IT,수입환적,265433.5
2010,7,2010-07,OO,수출,345973.5
2011,1,2011-01,OT,수출환적,263012
2011,1,2011-01,IT,수입환적,283181.25
2013,12,2013-12,OT,수출환적,377141.75
2014,1,2014-01,OT,수출환적,389979.75
2017,3,2017-03,OT,수출환적,421985.5
2015,7,2015-07,II,수입,378943.75
2020,4,2020-04,II,수입,438033.75
2019,3,2019-03,OO,수출,469491
2018,11,2018-11,OO,수출,431402
2021,10,2021-10,OT,수출환적,550325.25
2020,11,2020-11,OO,수출,431403.5
2022,4,2022-04,IT,수입환적,498740.5
2022,12,2022-12,OO,수출,400011
2023,7,2023-07,OT,수출환적,502122.25
2023,10,2023-10,II,수입,428694
2023,10,2023-10,OO,수출,432831
1993,9,1993-09,II,수입,119495
1994,2,1994-02,II,수입,138927
1995,7,1995-07,OO,수출,162597.25
1997,3,1997-03,OO,수출,195430.5
2004,7,2004-07,OO,수출,279055.25
2002,11,2002-11,OT,수출환적,171547.75
2003,11,2003-11,OT,수출환적,158386.5
2007,2,2007-02,II,수입,289955.25
2006,9,2006-09,IT,수입환적,206563.75
2009,1,2009-01,II,수입,237676.25
2010,6,2010-06,II,수입,344210.75
2013,5,2013-05,OT,수출환적,366720
2018,1,2018-01,OT,수출환적,425516.75
2012,2,2012-02,II,수입,338408.75
2014,7,2014-07,IT,수입환적,399026.5
2016,9,2016-09,OO,수출,381080
2016,9,2016-09,II,수입,408148.5
2015,11,2015-11,IT,수입환적,390418
2015,10,2015-10,OO,수출,365617.5
2019,10,2019-10,OO,수출,431884.25
2021,9,2021-09,OO,수출,400622
2021,10,2021-10,II,수입,453203.25
2021,6,2021-06,OT,수출환적,522108.75
2022,10,2022-10,OO,수출,437823.25
2019,5,2019-05,II,수입,452986.5
2020,10,2020-10,IT,수입환적,532936
2022,6,2022-06,OO,수출,390666.5
2022,3,2022-03,II,수입,470454.25
2023,5,2023-05,IT,수입환적,515304.25
1992,11,1992-11,II,수입,107334
1992,11,1992-11,OO,수출,117410
1996,11,1996-11,II,수입,196901.25
2000,5,2000-05,II,수입,320050
2002,6,2002-06,IT,수입환적,168916.5
2003,3,2003-03,II,수입,277300.25
2004,11,2004-11,OT,수출환적,214212.75
2005,4,2005-04,OO,수출,287656.5
2006,3,2006-03,OO,수출,312847.75
2007,8,2007-08,OO,수출,301392.25
2013,8,2013-08,OT,수출환적,361309
2017,12,2017-12,OT,수출환적,438385.75
2014,9,2014-09,OT,수출환적,377594.75
2015,11,2015-11,OO,수출,379828.25
2024,12,2024-12,IT,수입환적,593917.5
2023,12,2023-12,OT,수출환적,508213.25
2019,4,2019-04,OT,수출환적,485345.25
2020,7,2020-07,OO,수출,416463
1993,10,1993-10,OO,수출,122713
1996,2,1996-02,OO,수출,140084
1997,6,1997-06,II,수입,215996.5
1997,11,1997-11,II,수입,224901.25
1998,5,1998-05,II,수입,256127.75
2003,3,2003-03,OT,수출환적,185965
2003,4,2003-04,OO,수출,261615
2003,10,2003-10,OO,수출,279538.5
2004,5,2004-05,II,수입,273897.5
2006,1,2006-01,IT,수입환적,226575.5
2005,9,2005-09,OT,수출환적,210386.25
2006,8,2006-08,II,수입,273333.5
2008,3,2008-03,IT,수입환적,254401
2008,5,2008-05,II,수입,353487
2008,1,2008-01,IT,수입환적,235039
2009,9,2009-09,IT,수입환적,233467
2010,3,2010-03,OT,수출환적,262912.75
2011,3,2011-03,OT,수출환적,295078.5
2011,4,2011-04,OT,수출환적,297131
2011,7,2011-07,OO,수출,395097.25
2017,12,2017-12,IT,수입환적,437003
2012,4,2012-04,IT,수입환적,370612.75
2012,10,2012-10,IT,수입환적,352922.5
2017,5,2017-05,OT,수출환적,452032.5
2016,11,2016-11,IT,수입환적,388727.25
2014,6,2014-06,OO,수출,404555.75
2016,9,2016-09,OT,수출환적,382237.75
2020,7,2020-07,II,수입,383619
2020,12,2020-12,II,수입,426819.75
2020,8,2020-08,II,수입,366373.5
2024,2,2024-02,OT,수출환적,530238
2024,7,2024-07,OT,수출환적,589093.25
1993,7,1993-07,OO,수출,130073
1996,2,1996-02,II,수입,174846.25
1998,10,1998-10,OO,수출,202959.25
2000,5,2000-05,OO,수출,235889.5
2001,10,2001-10,II,수입,207933.5
2002,4,2002-04,II,수입,234712.75
2004,4,2004-04,II,수입,277930.25
2005,3,2005-03,IT,수입환적,228863.5
2008,1,2008-01,II,수입,301559
2009,7,2009-07,II,수입,283911.75
2016,11,2016-11,OO,수출,426670.5
2018,7,2018-07,OO,수출,442369
2015,1,2015-01,OT,수출환적,418702.25
2015,10,2015-10,II,수입,404191.25
2024,1,2024-01,OT,수출환적,547360.25
2020,11,2020-11,IT,수입환적,544148.25
2022,5,2022-05,II,수입,476575.75
2020,6,2020-06,OO,수출,392116.5
2023,7,2023-07,OO,수출,449244.25
2025,1,2025-01,IT,수입환적,635437
2024,9,2024-09,OO,수출,411162
2023,11,2023-11,II,수입,447190
1995,8,1995-08,II,수입,178208.75
1999,9,1999-09,OO,수출,205315.75
2001,6,2001-06,IT,수입환적,123080.5
2001,9,2001-09,OO,수출,224912.5
2003,6,2003-06,OT,수출환적,177471.75
2007,11,2007-11,OT,수출환적,218122
2008,4,2008-04,II,수입,349265.5
2009,12,2009-12,OO,수출,307388.25
2013,7,2013-07,OO,수출,380488.75
2012,8,2012-08,OO,수출,343704
2017,4,2017-04,OO,수출,447652.25
2017,4,2017-04,II,수입,443640.5
2015,6,2015-06,OO,수출,391738.5
2015,8,2015-08,OT,수출환적,431787.25
2016,6,2016-06,II,수입,384658.25
2016,4,2016-04,II,수입,397720
2016,4,2016-04,OO,수출,396843.25
2015,5,2015-05,OO,수출,404982.25
2018,4,2018-04,OO,수출,441613.75
2021,7,2021-07,OT,수출환적,523913.75
2023,11,2023-11,OO,수출,473899
1997,8,1997-08,OO,수출,176521.75
2001,7,2001-07,OT,수출환적,116194.5
2002,1,2002-01,OT,수출환적,140230.75
2006,12,2006-12,OO,수출,287078.25
2006,7,2006-07,OT,수출환적,219023
2008,11,2008-11,II,수입,292162
2008,5,2008-05,OT,수출환적,251787.5
2007,12,2007-12,II,수입,347363
2011,6,2011-06,OO,수출,360154
2017,9,2017-09,IT,수입환적,409375
2012,10,2012-10,II,수입,374651
2013,12,2013-12,IT,수입환적,401927
2014,6,2014-06,IT,수입환적,411060.5
2014,2,2014-02,OT,수출환적,350400.25
2025,2,2025-02,IT,수입환적,533568.75
2018,5,2018-05,OO,수출,436825
2022,4,2022-04,OO,수출,463717.5
2020,7,2020-07,IT,수입환적,480142.25
2021,2,2021-02,II,수입,381898
2023,10,2023-10,OT,수출환적,496123.25
2024,2,2024-02,II,수입,401077
1992,5,1992-05,OO,수출,126586
1993,1,1993-01,II,수입,95493
1993,6,1993-06,II,수입,109070
1993,9,1993-09,OO,수출,143739
1995,12,1995-12,II,수입,200631.75
1998,7,1998-07,II,수입,252941.25
1999,6,1999-06,II,수입,263670.75
2000,7,2000-07,II,수입,318831
2000,7,2000-07,OO,수출,222427
2001,5,2001-05,II,수입,224711.5
2001,10,2001-10,IT,수입환적,130982.5
2003,3,2003-03,OO,수출,275422.75
2004,5,2004-05,OO,수출,299398.5
2002,6,2002-06,OO,수출,233104.5
2007,1,2007-01,OT,수출환적,219675
2007,10,2007-10,II,수입,314292.5
2008,12,2008-12,II,수입,270589.5
2008,12,2008-12,IT,수입환적,227023.75
2007,12,2007-12,IT,수입환적,228319.25
2008,1,2008-01,OO,수출,308838.75
2008,9,2008-09,OO,수출,315799.5
2010,3,2010-03,II,수입,327393.5
2009,12,2009-12,OT,수출환적,242988.25
2011,12,2011-12,IT,수입환적,343588.5
2017,5,2017-05,IT,수입환적,450470.5
2019,10,2019-10,II,수입,425932.25
2024,1,2024-01,OO,수출,457956
2023,12,2023-12,IT,수입환적,510556
2021,12,2021-12,OT,수출환적,492612.75
2020,10,2020-10,II,수입,414411.5
2019,1,2019-01,OT,수출환적,465374
2023,7,2023-07,II,수입,423073.25
1994,3,1994-03,OO,수출,152621
1994,11,1994-11,OO,수출,151472
1999,2,1999-02,II,수입,218236.75
2002,10,2002-10,OT,수출환적,166984
2007,1,2007-01,OO,수출,299578.5
2006,10,2006-10,IT,수입환적,221126
2003,12,2003-12,IT,수입환적,189321.5
2007,10,2007-10,OO,수출,315688.5
2010,2,2010-02,II,수입,277412.75
2010,8,2010-08,OT,수출환적,274343
2017,8,2017-08,IT,수입환적,431993
2014,1,2014-01,IT,수입환적,408239
2014,6,2014-06,II,수입,381016.75
2016,5,2016-05,OO,수출,409844
2015,11,2015-11,OT,수출환적,405047.5
2019,10,2019-10,IT,수입환적,525100.5
2024,4,2024-04,II,수입,470115
1992,8,1992-08,OO,수출,119980
1994,11,1994-11,II,수입,163677
1995,9,1995-09,OO,수출,149861.25
1996,10,1996-10,II,수입,198516.75
1997,11,1997-11,OO,수출,193773.25
2004,6,2004-06,OO,수출,285461.5
2003,1,2003-01,OT,수출환적,178068.5
2003,8,2003-08,IT,수입환적,175532
2005,1,2005-01,OT,수출환적,220001
2006,9,2006-09,II,수입,289097.5
2007,6,2007-06,OO,수출,305095.25
2009,10,2009-10,OT,수출환적,242531.25
2009,3,2009-03,II,수입,264949.25
2010,10,2010-10,II,수입,330180.75
2013,11,2013-11,II,수입,366304.5
2012,10,2012-10,OT,수출환적,343934.75
2015,1,2015-01,IT,수입환적,430654
2018,3,2018-03,OT,수출환적,430690
2021,1,2021-01,OT,수출환적,502766.5
2024,5,2024-05,IT,수입환적,585265.75
2025,1,2025-01,II,수입,468006.5
2023,11,2023-11,IT,수입환적,520689
1994,4,1994-04,II,수입,154619
1994,4,1994-04,OO,수출,140705
2001,12,2001-12,IT,수입환적,140248
2004,8,2004-08,II,수입,256679.75
2005,11,2005-11,II,수입,296792.75
2007,1,2007-01,II,수입,302440
2008,5,2008-05,OO,수출,332916
2007,6,2007-06,IT,수입환적,270136.75
2007,5,2007-05,OT,수출환적,264736
2008,10,2008-10,IT,수입환적,232641.5
2009,9,2009-09,OO,수출,295699.5
2011,11,2011-11,OT,수출환적,319045.75
2017,3,2017-03,OO,수출,437834
2017,4,2017-04,IT,수입환적,451704
2024,12,2024-12,OO,수출,442416.25
2022,6,2022-06,OT,수출환적,512759.25
2019,1,2019-01,IT,수입환적,488899
2020,8,2020-08,OO,수출,392011.75
2023,2,2023-02,OO,수출,433076
2024,8,2024-08,IT,수입환적,566042.25
2023,5,2023-05,OO,수출,475547.25
1993,2,1993-02,II,수입,97656
1994,3,1994-03,II,수입,142555
1995,9,1995-09,II,수입,176354.25
2001,8,2001-08,OT,수출환적,126355.75
2001,1,2001-01,II,수입,195903.5
2004,5,2004-05,OT,수출환적,211424.75
2003,8,2003-08,OO,수출,231635
2004,8,2004-08,OO,수출,263891.5
2005,5,2005-05,II,수입,281189.25
2006,8,2006-08,OO,수출,275653.25
2008,12,2008-12,OO,수출,271221.25
2007,7,2007-07,IT,수입환적,280260.75
2012,11,2012-11,II,수입,349869.5
2014,4,2014-04,OO,수출,402606.75
2016,11,2016-11,II,수입,407972.75
2015,8,2015-08,II,수입,392268.5
2016,8,2016-08,OO,수출,387606.5
2021,12,2021-12,OO,수출,440907.25
2023,4,2023-04,OT,수출환적,555305.25
2020,4,2020-04,OT,수출환적,504414.75
2019,5,2019-05,OO,수출,448997.5
2022,5,2022-05,IT,수입환적,513340.75
2022,7,2022-07,II,수입,442136.75
1994,12,1994-12,OO,수출,151853
1996,1,1996-01,II,수입,175200.5
1999,10,1999-10,OO,수출,224896.25
2001,8,2001-08,OO,수출,199332.75
2003,5,2003-05,OT,수출환적,182602
2005,10,2005-10,OO,수출,295156.5
2009,4,2009-04,OO,수출,268812.25
2009,4,2009-04,OT,수출환적,228615.25
2010,12,2010-12,OO,수출,350685
2011,2,2011-02,OO,수출,303637.5
2010,9,2010-09,OT,수출환적,248610.5
2018,11,2018-11,IT,수입환적,521497.5
2013,4,2013-04,OO,수출,382755.5
2017,6,2017-06,II,수입,435363.25
2017,12,2017-12,OO,수출,442636.75
2015,7,2015-07,OO,수출,383199.25
2015,7,2015-07,OT,수출환적,423388.75
2018,11,2018-11,II,수입,443138.5
2019,12,2019-12,OT,수출환적,481933
2020,12,2020-12,OO,수출,417955.25
2021,3,2021-03,II,수입,503625
2024,6,2024-06,OT,수출환적,558619
1994,10,1994-10,II,수입,157539
2002,12,2002-12,OO,수출,253389
2004,11,2004-11,IT,수입환적,220576.5
2004,12,2004-12,II,수입,300029.5
2009,2,2009-02,OO,수출,233239.5
2010,9,2010-09,II,수입,327243.25
2011,6,2011-06,IT,수입환적,306717.5
2012,12,2012-12,OT,수출환적,331400.75
2012,2,2012-02,OO,수출,358103.75
2014,8,2014-08,OO,수출,389640
2017,7,2017-07,II,수입,425836
2016,6,2016-06,IT,수입환적,402908.75
2023,1,2023-01,IT,수입환적,525101
2020,12,2020-12,OT,수출환적,507653.25
2024,6,2024-06,IT,수입환적,586779.5
1993,8,1993-08,OO,수출,130712
1994,10,1994-10,OO,수출,155524
1998,12,1998-12,OO,수출,202167.75
2003,4,2003-04,II,수입,275648.25
2002,3,2002-03,OO,수출,251117.5
2005,5,2005-05,OO,수출,293957.5
2006,4,2006-04,OT,수출환적,215943.5
2008,9,2008-09,IT,수입환적,248739
2011,1,2011-01,II,수입,344356.25
2011,1,2011-01,OO,수출,345699.5
2011,10,2011-10,IT,수입환적,343306.25
2013,6,2013-06,IT,수입환적,369360.25
2016,12,2016-12,OT,수출환적,389063.25
2014,12,2014-12,OO,수출,388164.75
2015,8,2015-08,OO,수출,389737.5
2016,4,2016-04,OT,수출환적,393618.5
2023,4,2023-04,IT,수입환적,537680.25
1994,7,1994-07,II,수입,162205
1997,5,1997-05,II,수입,229583.75
2002,5,2002-05,II,수입,235429.25
2002,5,2002-05,OO,수출,241072.75
2004,2,2004-02,II,수입,260254.5
2004,1,2004-01,II,수입,260180.75
2004,1,2004-01,OT,수출환적,190626
2006,3,2006-03,IT,수입환적,237155.75
2007,8,2007-08,IT,수입환적,256980.75
2007,7,2007-07,II,수입,299093.25
2009,5,2009-05,OT,수출환적,214735
2009,3,2009-03,IT,수입환적,225743.75
2011,3,2011-03,II,수입,404526.75
2017,1,2017-01,II,수입,406394
2013,10,2013-10,II,수입,369789.25
2013,10,2013-10,IT,수입환적,365793.5
2017,6,2017-06,IT,수입환적,424992.75
2014,10,2014-10,II,수입,406738.75
2018,12,2018-12,II,수입,425421.25
2021,4,2021-04,OO,수출,436702.25
2023,2,2023-02,II,수입,410605.5
2024,10,2024-10,OO,수출,469171.75
1997,3,1997-03,II,수입,233247
1998,9,1998-09,OO,수출,199630.5
2001,1,2001-01,OT,수출환적,118430.25
2003,4,2003-04,OT,수출환적,198436
2005,1,2005-01,II,수입,272788.25
2005,3,2005-03,OO,수출,299674.5
2010,3,2010-03,OO,수출,336795.5
2011,2,2011-02,IT,수입환적,227346.25
2011,2,2011-02,II,수입,319622.25
2011,8,2011-08,OO,수출,351464
2013,8,2013-08,II,수입,370207
2013,5,2013-05,IT,수입환적,381141
2016,8,2016-08,OT,수출환적,416479.5
2019,7,2019-07,IT,수입환적,497713.25
2021,9,2021-09,IT,수입환적,505652
2020,8,2020-08,IT,수입환적,507380.25
2022,3,2022-03,OT,수출환적,483496.25
1996,1,1996-01,OO,수출,158518
2001,6,2001-06,OO,수출,215325.25
2001,9,2001-09,OT,수출환적,127883
2004,1,2004-01,IT,수입환적,181137.5
2005,3,2005-03,OT,수출환적,221527.25
